{
    "loss": 1.7654495239257812,
    "accuracy": 0.6465517282485962
}